{
    "dependencies": [
        "require: marko-widgets",
        "require-run: nodelist-foreach-polyfill",
        "require: ./index.js",
        "../../../src/components/ebay-icon",
        {
            "if-not-flag": "ebayui-no-skin",
            "dependencies": [
                "@ebay/skin/utility",
                "@ebay/skin/less",
                "@ebay/skin/icon"
            ]
        },
        "./style.less",
        {
            "if-flag": "touch",
            "dependencies": [
                "./style-touch.less"
            ]
        },
        {
            "if": "flags.contains('no-touch') || !flags.contains('touch')",
            "dependencies": [
                "./style-no-touch.less"
            ]
        }
    ]
}
