{
    "<ebay-breadcrumb>": {
        "renderer": "./src/components/ebay-breadcrumb/index.js",
        "@*": "expression",
        "@html-attributes": "expression",
        "@class": "string",
        "@style": "string",
        "@a11y-heading-text": "string",
        "@a11y-heading-tag": "string",
        "@hijax": "boolean",
        "@items <item>[]": {
            "@*": "expression",
            "@html-attributes": "expression",
            "@class": "string",
            "@style": "string",
            "@href": "string"
        }
    },
    "<ebay-breadcrumb-item>": {
      "transformer": "./src/common/transformers/attribute-tags/index.js"
    },
    "<ebay-button>": {
        "renderer": "./src/components/ebay-button/index.js",
        "@*": "expression",
        "@html-attributes": "expression",
        "@class": "string",
        "@style": "string",
        "@type": "string",
        "@disabled": "boolean",
        "@partially-disabled": "boolean",
        "@href": "string",
        "@priority": "string",
        "@size": "size",
        "@no-text": "boolean",
        "@fluid": "boolean",
        "@variant": "string"
    },
    "<ebay-carousel>": {
        "renderer": "./src/components/ebay-carousel/index.js",
        "@*": "expression",
        "@html-attributes": "expression",
        "@class": "string",
        "@style": "string",
        "@index": "string",
        "@type": "string",
        "@slide": "string",
        "@gap": "string",
        "@autoplay": "boolean",
        "@paused": "boolean",
        "@no-dots": "boolean",
        "@items-per-slide": "string",
        "@a11y-previous-text": "string",
        "@a11y-next-text": "string",
        "@a11y-status-text": "string",
        "@a11y-status-tag": "string",
        "@a11y-current-text": "string",
        "@a11y-other-text": "string",
        "@a11y-play-text": "string",
        "@a11y-pause-text": "string",
        "@items <item>[]": {
            "@*": "expression",
            "@html-attributes": "expression",
            "@class": "string",
            "@style": "string"
        }
    },
    "<ebay-carousel-item>": {
      "transformer": "./src/common/transformers/attribute-tags/index.js"
    },
    "<ebay-checkbox>": {
        "renderer": "./src/components/ebay-checkbox/index.js",
        "@*": "expression",
        "@html-attributes": "expression",
        "@class": "string",
        "@style": "string",
        "@disabled": "boolean"
    },
    "<ebay-combobox>": {
        "renderer": "./src/components/ebay-combobox/index.js",
        "@*": "expression",
        "@html-attributes": "expression",
        "@class": "string",
        "@style": "string",
        "@name": "string",
        "@grow": "boolean",
        "@borderless": "boolean",
        "@disabled": "boolean",
        "@options <option>[]": {
            "@*": "expression",
            "@html-attributes": "expression",
            "@class": "string",
            "@style": "string",
            "@value": "string",
            "@text": "string",
            "@selected": "boolean"
        }
    },
    "<ebay-combobox-option>": {
      "transformer": "./src/common/transformers/attribute-tags/index.js"
    },
    "<ebay-dialog>": {
        "renderer": "./src/components/ebay-dialog/index.js",
        "@*": "expression",
        "@html-attributes": "expression",
        "@class": "string",
        "@style": "string",
        "@open": "boolean",
        "@type": "string",
        "@focus": "string",
        "@a11y-close-text": "string"
    },
    "<ebay-icon>": {
        "renderer": "./src/components/ebay-icon/index.js",
        "transformer": "./src/components/ebay-icon/transformer.js",
        "@*": "expression",
        "@html-attributes": "expression",
        "@class": "string",
        "@style": "string",
        "@type": "string",
        "@name": "string",
        "@a11y-text": "string",
        "@no-skin-classes": "boolean",
        "@_themes": "expression"
    },
    "<ebay-menu>": {
        "renderer": "./src/components/ebay-menu/index.js",
        "transformer": "./src/components/ebay-menu/transformer.js",
        "@*": "expression",
        "@html-attributes": "expression",
        "@class": "string",
        "@style": "string",
        "@type": "string",
        "@text": "string",
        "@icon": "string",
        "@a11y-text": "string",
        "@no-toggle-icon": "boolean",
        "@expanded": "boolean",
        "@reverse": "boolean",
        "@fix-width": "boolean",
        "@borderless": "boolean",
        "@size": "string",
        "@priority": "string",
        "@iconTag <icon>": {},
        "@items <item>[]": {
            "@*": "expression",
            "@html-attributes": "expression",
            "@class": "string",
            "@style": "string",
            "@href": "string",
            "@type": "string",
            "@checked": "boolean",
            "@current": "boolean"
        }
    },
    "<ebay-menu-item>": {
      "transformer": "./src/common/transformers/attribute-tags/index.js"
    },
    "<ebay-notice>": {
        "renderer": "./src/components/ebay-notice/index.js",
        "@*": "expression",
        "@html-attributes": "expression",
        "@class": "string",
        "@style": "string",
        "@type": "string",
        "@status": "string",
        "@hidden": "boolean",
        "@a11y-heading-text": "string",
        "@a11y-heading-tag": "string",
        "@a11y-close-text": "string",
        "@dismissible": "boolean"
    },
    "<ebay-pagination>": {
        "renderer": "./src/components/ebay-pagination/index.js",
        "@*": "expression",
        "@html-attributes": "expression",
        "@class": "string",
        "@style": "string",
        "@a11y-previous-text": "string",
        "@a11y-next-text": "string",
        "@a11y-current-text": "string",
        "@hijax": "boolean",
        "@items <item>[]": {
            "@*": "expression",
            "@html-attributes": "expression",
            "@class": "string",
            "@style": "string",
            "@current": "boolean",
            "@disabled": "boolean",
            "@href": "string",
            "@type": "string",
            "@role": "string"
        }
    },
    "<ebay-pagination-item>": {
      "transformer": "./src/common/transformers/attribute-tags/index.js"
    },
    "<ebay-radio>": {
        "renderer": "./src/components/ebay-radio/index.js",
        "@*": "expression",
        "@html-attributes": "expression",
        "@class": "string",
        "@style": "string",
        "@disabled": "boolean"
    },
    "<ebay-select>": {
        "renderer": "./src/components/ebay-select/index.js",
        "@*": "expression",
        "@html-attributes": "expression",
        "@class": "string",
        "@style": "string",
        "@grow": "boolean",
        "@borderless": "boolean",
        "@disabled": "boolean",
        "@options <option>[]": {
            "@*": "expression",
            "@html-attributes": "expression",
            "@class": "string",
            "@style": "string",
            "@value": "string",
            "@text": "string",
            "@selected": "boolean"
        }
    },
    "<ebay-select-option>": {
      "transformer": "./src/common/transformers/attribute-tags/index.js"
    },
    "<ebay-switch>": {
        "renderer": "./src/components/ebay-switch/index.js",
        "@*": "expression",
        "@html-attributes": "expression",
        "@class": "string",
        "@style": "string",
        "@disabled": "boolean"
    },
    "<ebay-tab>": {
        "renderer": "./src/components/ebay-tab/index.js",
        "@*": "expression",
        "@html-attributes": "expression",
        "@class": "string",
        "@style": "string",
        "@index": "string",
        "@fake": "boolean",
        "@headings <heading>[]": {
            "@*": "expression",
            "@html-attributes": "expression",
            "@class": "string",
            "@style": "string",
            "@href": "string"
        },
        "@panels <panel>[]": {
            "@*": "expression",
            "@html-attributes": "expression",
            "@class": "string",
            "@style": "string"
        }
    },
    "<ebay-tab-heading>": {
      "transformer": "./src/common/transformers/attribute-tags/index.js"
    },
    "<ebay-tab-panel>": {
      "transformer": "./src/common/transformers/attribute-tags/index.js"
    },
    "<ebay-textbox>": {
        "renderer": "./src/components/ebay-textbox/index.js",
        "@*": "expression",
        "@html-attributes": "expression",
        "@class": "string",
        "@style": "string",
        "@invalid": "boolean",
        "@fluid": "boolean",
        "@multiline": "boolean"
    }
  }
  